;Unnamed: 0;Id of comment.;Id of author of comment.;Id of post;Author of post;date;text;likes;Unnamed: 7;;;
11888;74036;186508;12136821;186507;25106701;17.04.2015 9:34;Чушь, смотрела полностью и ничего подобного не увидела. Скорее всего кому-то именно этого хочется. Некрасиво обманывать!;19;;;Щ2, И4;0
11889;74037;186509;1271446;186507;25106701;17.04.2015 9:34;та коровы у него просто не той системы !;4;;;Ш4;1
11890;74038;186512;68201355;186507;25106701;17.04.2015 9:39;он очень ловко уходит от поставленных вопросов,вот и все его основные качества;11;;;Н4;0
11891;74039;186515;12136821;186507;25106701;17.04.2015 9:44;[id68201355|Игорь], конкретно можно?;0;;;А3;1
11892;74040;186516;2679109;186507;25106701;17.04.2015 9:45;Погодите. Путин виноват в том, что местный завод закупает у фермеров молоко ниже себестоимости?<br> Простите.. а часовню - тоже я развалил?.. ;6;;;ц4;0
11893;74041;186518;1271446;186507;25106701;17.04.2015 9:45;[id68201355|Игорь], вы хотели сказать -   владеет информацией   ));0;;;Ж3;1
11894;74042;186519;21077612;186507;25106701;17.04.2015 9:47;Англицкий фермер 20 лет работает без прибыли, собственно, а на что он живёт?;4;;;А4;0
11895;74043;186520;68201355;186507;25106701;17.04.2015 9:47;да без проблем ,когда бабушка задала вопрос про осаго и сказала что у нее пенсия 14 тыс ,чего он даже не заметил а второе когда он запутывал фермеров с молочкой и от себя огромное спасибо за зарплату в 10 тыс рублей;1;;;ц4;1
11896;74044;186522;2679109;186507;25106701;17.04.2015 9:48;[id68201355|Игорь], т.е. у тебя з/п меньше, чем у бабушки пенсия? Тебе вообще за себя не стыдно?;7;;;Н3;3
11897;74045;186523;164381383;186507;25106701;17.04.2015 9:48;http://vk.com/photo-25106701_362213332;1;;; - ; - 
11898;74046;186525;214025218;186507;25106701;17.04.2015 9:51;Алексей, а кому за бабушку стыдно должно быть с 12 р пенсией ?<br>Тоже ему?(Игорю);2;;;А3;3
11899;74047;186526;2679109;186507;25106701;17.04.2015 9:52;[id214025218|Артём], во-первых, 14. Во-вторых, это что, мало? У нас в регионах 20-25 нормальная з/п. А у бабули 14 и автомобиль. На что жалуемся-то?;3;;;Б3, Ж3;2
11900;74048;186527;146278500;186507;25106701;17.04.2015 9:53;Каждый ищет что то своё. Везде, куда может дотянуться. Кристиан Сценс Монитор нашел вот это, что и опубликовал.. Попутного ветра!!!;0;;;Ж4;3
11901;74049;186528;146278500;186507;25106701;17.04.2015 9:53;[id21077612|Денис], Без прибыли - не значит в убытках.;1;;;Б3 ;3
11902;74050;186529;1844916;186507;25106701;17.04.2015 9:53;Кого в гугле не забанили, тот найдёт инфу, что у этого фермера сыр стоит 1,5к за кило. А он приходит и ноется что ниче не покупают.;1;;;Щ4;2
11903;74051;186531;74278300;186507;25106701;17.04.2015 9:54;[id68201355|Игорь], странно,конечно, что бабушка покупает ОСАГО каждый месяц и на год.;0;;;Ж3;2
11904;74052;186532;214025218;186507;25106701;17.04.2015 9:54;[id2679109|Алексей], я о своей Маме в данный момент.<br>Если ты не знал ,то это -да -мало ...Зарплаты на вазе пятнашка,ну не у всех разумеется <br>Смысл ты понял??<br>И еще !..это не жалоба ,а констатация стрёмного для нашего государства факта....так -для справки тебе;0;;;Ф3, Ж3;3
11905;74053;186533;1844916;186507;25106701;17.04.2015 9:55;Leo, да к не себе ж. Внучкам;0;;;Ш4;4
11906;74054;186534;68201355;186507;25106701;17.04.2015 9:55;по моему вы все травы накурились,посмотрите что в регионах твориться я живу в Карелии и работаю в культуре ,если это мое призвание мне что бросить все и драпать из этого региона где платят за работу,я хочу жить там где живу работать и получать достойную зарплату, стыдно за страну в которой все время говорят о прожиточном минимуме;4;;;Ч4, Е1, П4;3
11907;74055;186536;36723678;186507;25106701;17.04.2015 9:57;трудно за всем уследить...!;0;;;Д4;2
11908;74056;186537;221425512;186507;25106701;17.04.2015 9:57;[id164381383|Екатерина], люди в большинстве случаев спиваются потому что не видят перспективы, не хотят стремится в будущее, останавливаются, и от этого начинают ПИТЬ.;0;;;И4;3
11909;74057;186538;172194811;186507;25106701;17.04.2015 9:57;Конечно не дело Президента решать частные вопросы, ему не хватит и девяти жизней для этого, но беда в том, что те, кто должен решать эти вопросы подражают ему, считая себя высокопоставленными государственными людьми, не замечают людей и их частные проблемы, под предлогом концентрации своих усилий на системных вопросах! От Президента не было на этот раз посыла сломать такой стереотипный подход и от этого складывается впечатление, что бюрократия и закостенелость в стране только возрастает! Путину тяжело, он прекрасно знает, что хотели бы услышать люди, но публичное выступление не является местом принятия решений и оценок действительности, ответами он максимально старался успокоить россиян и мировую общественность и эта линия, на мой взгляд, единственно правильная!;6;;;Ж4, Х4;2
11910;74058;186539;2679109;186507;25106701;17.04.2015 9:57;[id68201355|Игорь], Путин виноват, что ты выбрал не ту профессию?;0;;;Ч3 ;3
11911;74059;186540;203327633;186507;25106701;17.04.2015 9:58;[id2679109|Алексей], просто он зарплату в конверте получает,от налогов скрывается.;0;;;т4;3
11912;74060;186541;68201355;186507;25106701;17.04.2015 9:58;а какая по твоему та,вроде на идиота ты не похож;0;;;А3;4
11913;74061;186542;68201355;186507;25106701;17.04.2015 10:00;[id203327633|Сергей], приезжай к нам и посмотри ,если ты никому не веришь ,что бы не писать хрень;0;;;Р3;4
11914;74062;186543;68201355;186507;25106701;17.04.2015 10:02;[id172194811|Гульнара], кого он успокоил только людей которым все равно;0;;;Б3;3
11915;74063;186544;203327633;186507;25106701;17.04.2015 10:02;[id68201355|Игорь], то есть работать ты не хочешь.Хочешь сидеть,ничего не делать, работать в так называемой в культуре ,и при этом за ничегониделание тебе государство должно достойную зарплату платить?Губа не дура бездельник);5;;;Ч3;4
11916;74064;186545;2679109;186507;25106701;17.04.2015 10:03;[id68201355|Игорь], та - при которой ты не ноешь в соцсетях, что тебе кто-то там что-то не предоставил.;2;;;Ж3;4
11917;74065;186546;172194811;186507;25106701;17.04.2015 10:05;[id68201355|Игорь], я написала  старался успокоить , а Россия всегда держалась и будет держаться на людях, которым не всё равно!!!;0;;;И3;4
11918;74066;186548;214025218;186507;25106701;17.04.2015 10:08;[id2679109|Алексей], ВВ не виноват...но он руководитель.<br>Как не крути в итоге вопрос придет к нему <br>И пенсионеры так с твоей логики виноваты все ..что не те профессии выбирали что ли <br>Или все люди в половине регионов виноваты ...сказал ты конечно так сксзал;2;;;Д4, П3;2
11919;74067;186549;203327633;186507;25106701;17.04.2015 10:10;[id214025218|Артём], никто ни в чем не виноват,во всем виноват Путин,это уже аксиома);1;;;Ц3;3
11920;74068;186550;68201355;186507;25106701;17.04.2015 10:12;[id203327633|Сергей], никто его и не винит просто он выстроил такую систему которая нихрена не делае а он за все отдувается;1;;;Ф3, И3;3
11921;74069;186552;203327633;186507;25106701;17.04.2015 10:14;[id68201355|Игорь], а когда в России была система,которая что то делала?Я помню только СССР,но для либероидов это тоталитарное прошлое,от наследия которого надо избавляться);1;;;Ж3;3
11922;74070;186553;274669192;186507;25106701;17.04.2015 10:14;Кто еще в мире так открыто разговаривает со своим народом? Уймитесь, завистники и злопыхатели!;0;;;Д4, Р3;2
11923;74071;186554;214025218;186507;25106701;17.04.2015 10:15;[id203327633|Сергей], я сторонник президента ,но то что старикам копейки кидают---это мне ,как и многим другим НЕ ПРИЕМЛЕМО, а не слышно даже озвучки хотя бы на будующее что это будет решено<br>Зато вот мля ..седня прочитал <br>http://vk.com/wall-60354437_63575<br>вместо пенсий ...песенки ...точнее за песенки на стене<br>Не нравиься мне эта хрень,точнее тенденция;0;;;Е1, Ж3;2
11924;74072;186555;68201355;186507;25106701;17.04.2015 10:16;[id274669192|Галина], вы наверно только телевизор смотрите;0;;;ч3;4
11925;74073;186556;274669192;186507;25106701;17.04.2015 10:17;[id68201355|Игорь], а что Вы рекомендуете смотреть?;0;;;А3;4
11926;74074;186557;203327633;186507;25106701;17.04.2015 10:18;[id214025218|Артём], а я вот противник президента,но при этом я как адекватный человек понимаю что альтернативы Путину на данный момент в России нет.Нынешняя оппозиция это проплаченные клоуны,я на поддержке таких в 1991 году обжегся,появятся достойные кандидаты,тогда и посмотрим);0;;;е1,п3;3
11927;74075;186558;68201355;186507;25106701;17.04.2015 10:18;посмотрите все за и против в интернете,посмотрите отзывы экономистов и сделайте свой вывод вы ведь человек разумный,а не то что вам вливают в уши;0;;;Р3;4
11928;74076;186559;214025218;186507;25106701;17.04.2015 10:19;[id203327633|Сергей], ну тут без вариантов );0;;;Ш3;3
11929;74077;186560;68201355;186507;25106701;17.04.2015 10:20;Сергей, ты что хочешь сказать что во всей России нет людей умней его;0;;;Ж3;4
11930;74078;186561;214025218;186507;25106701;17.04.2015 10:20;[id203327633|Сергей], кстати завтра у них праздник))<br>(У клоунов);0;;;Ц3;4
11931;74079;186562;68201355;186507;25106701;17.04.2015 10:21;при всем уважении к нему он просто убирает с дороги всех кто ему мешает;0;;;т4;3
11932;74080;186563;203327633;186507;25106701;17.04.2015 10:22;[id68201355|Игорь], ну вот я смотрю отзывы,сравниваю с другими странами,и катастрофы не вижу.А вот вы излишне подвержены чужому мнению,а все потому что отзывы надо не только смотреть,их еще и анализировать надо,сравнивать с аналогичными отзывами от других экспертов.;0;;;Е1, Р3;4
11933;74081;186564;214025218;186507;25106701;17.04.2015 10:22;[id68201355|Игорь], в РФ порядочность и доверие на первом ..так уж повелось<br>Верят люди<br>Способности тоже конечно высокие <br>;0;;;Ж3;3
11934;74082;186565;68201355;186507;25106701;17.04.2015 10:24;а я вижу и вот почему в гонке вооружений нам не победить европу просто потому что экономически мы слабее их,да и знают к чему это приводит сначала враги потом мир дружба жвачка приедут и все попилят и все по новой;0;;;и4;4
11935;74083;186566;203327633;186507;25106701;17.04.2015 10:25;[id68201355|Игорь], как говорят евреи Если вы такой умный,то почему такой бедный? .Ум это понятие относительное,умный не синоним образованный,хитрый не синоним умный,скорее он мудрый);0;;;Ж3;4
11936;74084;186567;214025218;186507;25106701;17.04.2015 10:26;[id68201355|Игорь], о чем это вы )<br>Какая у нас с европой гонка может быть ыооружений )<br>Мы в разных с ними даже не лигах или весах,а вообще измерениях;1;;;ч3;4
11937;74085;186568;68201355;186507;25106701;17.04.2015 10:27;я не бедный я пишу вам с мак бука и у меня есть дорогое оборудование ,только это все я заработал после работы и отдыхать мне вообще времени нет а иногда хочется;0;;;Е1;4
11938;74086;186569;203327633;186507;25106701;17.04.2015 10:27;[id68201355|Игорь], а гонку никто устраивать и не будет,нынешние руководители не такие наивные как в СССР.Что бы не говорили на западе,Россия часть мирового сообщества,и знает по каким правилам в нем играют.Доказательством служит инфовойна против США и ЕС,по проблеме Украины);1;;;И3;4
11939;74087;186571;68201355;186507;25106701;17.04.2015 10:28;[id203327633|Сергей], а увеличение на 25 процентов расходов на оборонку это что по вашему;0;;;А3;4
11940;74088;186573;68201355;186507;25106701;17.04.2015 10:30;эти деньги возьмут с социальных программ и с наших зарплат так или иначе;0;;;И4;4
11941;74089;186575;203327633;186507;25106701;17.04.2015 10:30;[id214025218|Артём], вот парад войск одной из стран ЕС,мы действительно с ними в разных измерениях) http://vk.com/video203327633_167699111;0;;;и4;4
11942;74090;186576;214025218;186507;25106701;17.04.2015 10:30;[id203327633|Сергей], вот за это конечно Путину респект ...развести или переграть его или подприжать -вообще наверно почти не реально.<br>Кто знает...может действительно он на так далеко играет ,что перепрыгнем европейцев ))4;0;;;Х4, И4;4
11943;74091;186577;203327633;186507;25106701;17.04.2015 10:31;[id68201355|Игорь], кто не хочет кормить своих солдат,тот будет кормить чужих.Это прописная истина.;4;;;Ж4;4
11944;74092;186578;214025218;186507;25106701;17.04.2015 10:32;[id203327633|Сергей], ))да ...я как раз об этом <br>;0;;;В3;4
11945;74093;186579;4260767;186507;25106701;17.04.2015 10:33;[id214025218|Артём], с мистралями развели, с войсками у границы с украиной поприжали после отвода какраз мясорубка и началась, так что не надо приписывать человеку качества которых нет;0;;;Н4;4
11946;74094;186580;12136821;186507;25106701;17.04.2015 10:33;[id68201355|Игорь], свои вопросы лучше задайте на митинге против главы администрации Сегежи. Похоже бОльшая часть Ваших проблем может быть разрешена уже на районном уровне. И не нойте, а лучше сами обращайтесь в канцелярию Путина, а не ждите когда кто-то за Вас это сделает.;0;;;Р3;3
11947;74095;186581;292196033;186507;25106701;17.04.2015 10:33;[id68201355|Игорь], походу ты ещё тот работяга, если  батрачишь  за червонец! :);0;;;Ц3;4
11948;74096;186582;214025218;186507;25106701;17.04.2015 10:34;[id4260767|Андрей], )на мой взгляд вы чепуху написали;0;;;Б3;4
11949;74097;186583;68201355;186507;25106701;17.04.2015 10:35;да ладно у меня деньги есть просто на работе из не платят а работу я люблю;0;;;Ф3;4
11950;74098;186584;4260767;186507;25106701;17.04.2015 10:35;[id214025218|Артём], обоснуйте где я не прав?;0;;;А3;4
11951;74099;186586;203327633;186507;25106701;17.04.2015 10:35;[id292196033|Жеванже], у меня знакомая работает в культуре ,занимает должность в ДК в поселке.Работа не бей лежачего,сидят в ДК,иногда для отчетности организую культурные мероприятия,типа утренников.Так за что платить миллиарды?);0;;;Е1, А1;4
11952;74100;186587;292196033;186507;25106701;17.04.2015 10:36;[id68201355|Игорь], пиздун твоя фамилия! Не забудь заплатить налоги с шабашки!;2;;;Н3;4
11953;74101;186588;68201355;186507;25106701;17.04.2015 10:37;как сказал Путин мистрали нам нахрен не нужны были надо просто было поддержать бедную Францию дать им денег,в своей стране же все хорошо;0;;;Ц4;4
11954;74102;186589;68201355;186507;25106701;17.04.2015 10:37;а я плачу уважаемая;0;;;Ф3;4
11955;74103;186591;12136821;186507;25106701;17.04.2015 10:38;[id68201355|Игорь], иногда и так поступать надо. А Вы не знали? У Рогалевича спросите, он знаток в этом деле.;0;;;Ж3;4
11956;74104;186592;214025218;186507;25106701;17.04.2015 10:39;[id4260767|Андрей], по мистралям политическое решение по большей части было<br>А насчет ыойск у границы -об этом выводы вообще как вы можете делать не имея полноты инфрмации?<br>Там люди на годы вперед с сотней возможных поворотов и раскладов просчитывают)А вы то куда)))<br>Короче это просто ниочем )у кого инфа -тому видне)<br>Я сам не могу знать,но как сейчас выходит...всё думаю было правильно...может по ситуации...я не знаю<br>***как и вы <br>;0;;;И3;4
11957;74105;186593;203327633;186507;25106701;17.04.2015 10:39;[id68201355|Игорь], по мистралям можно будет сказать примерно через год.Олланд с Путиным не зря в Минску встречался,какие то договоренности там заключили,но как правило их не освещают публично,так называемые закулисные интриги);0;;;И3;4
11958;74106;186594;146278500;186507;25106701;17.04.2015 10:39;[id203327633|Сергей], А какое будущее у России, если современная власть ВДРУГ станет оппозицией?;0;;;А3;4
11959;74107;186595;68201355;186507;25106701;17.04.2015 10:40;у нас человек писал письмо Путину все вернулось в мэрию Сегежи ,fа мэр сказал директору увольняй этого писаку;0;;;Е1;3
11960;74108;186596;203327633;186507;25106701;17.04.2015 10:40;[id146278500|Юрий], тогда их начнут убивать как сейчас на Украине);0;;;И3;4
11961;74109;186597;12136821;186507;25106701;17.04.2015 10:41;[id68201355|Игорь], Путин приказал уволить писаку?;0;;;А3;4
11962;74110;186598;146278500;186507;25106701;17.04.2015 10:41;[id203327633|Сергей], А я не о том... Я о политическом векторе. КТО будет определять лицо политической элиты?? Какая партия-движение?;0;;;А3;4
11963;74111;186599;68201355;186507;25106701;17.04.2015 10:42;нет так решила местная администрация а она у нас здесь власть,до бога высоко до царя далеко;0;;;Е1;4
11964;74112;186600;203327633;186507;25106701;17.04.2015 10:42;[id146278500|Юрий], а я о чем?Лицо нынешней оппозиции России похоже на лицо бывшей оппозиции на Украине.Вот и у нас будет твориться тоже самое.;0;;;И3;4
11965;74113;186601;12136821;186507;25106701;17.04.2015 10:42;[id68201355|Игорь], боритесь, а не пищите из-за кустов.;0;;;Р3;4
11966;74114;186602;146278500;186507;25106701;17.04.2015 10:43;[id203327633|Сергей], Иными словами, Навальный - профашистски настроенный перец? А Касьянов? А Кудрин?;0;;;А3;4
11967;74115;186603;68201355;186507;25106701;17.04.2015 10:44;а почему из за кустов я всегда говорю что думаю,просто я давно понял что это все системные решения не может быть белый и пушистый царь при ворах боярах;0;;;Ф3;4
11968;74116;186604;10602186;186507;25106701;17.04.2015 10:45;[id146278500|Юрий], вы перечислили почти всех, кого отлучили от кормушки. а Новальный все никак не доберется до нее.;0;;;Ж3;4
11969;74117;186605;69127065;186507;25106701;17.04.2015 10:45;На сайте выставили прайс продажи сыра этим Джоном. Цена впечатляет- 850 руб за 05 кг сыра!!!;1;;;Ж4;2
11970;74118;186606;203327633;186507;25106701;17.04.2015 10:45;[id146278500|Юрий], для любой партии-движения нужны люди.А таких высокоморальных честных бессеребреников что то в России мало,потому и альтернативы нынешней власти нет,просто придут новые воры взамен старых,или старые перекрасятся.Пример та же Украина.Так зачем устраивать революцию?Старых воров на новых менять?;0;;;Ж3;4
11971;74119;186607;68201355;186507;25106701;17.04.2015 10:46;а нас к ней никогда и не приучали,так хоть часть правды знать будем;0;;;И4;4
11972;74120;186608;146278500;186507;25106701;17.04.2015 10:46;[id10602186|Сергей], Я перечислил оппозиционеров, которые не сядут друг с другом за 1 стол... А то и на одном гектаре опорожниться...;0;;;К3;4
11973;74121;186610;12136821;186507;25106701;17.04.2015 10:47;[id68201355|Игорь], еще как может. Он не ясновидящий, страна большая.;0;;;Д4;4
11974;74122;186611;292196033;186507;25106701;17.04.2015 10:47;[id68201355|Игорь], правильно сделал, ещё надо было поджопник дать!;0;;;Х3;4
11975;74123;186612;4260767;186507;25106701;17.04.2015 10:47;[id214025218|Артём], ну вы же можите с высоты прошедшего времени делать выводы о том как нужно было сделать?;0;;;А3;4
11976;74124;186613;68201355;186507;25106701;17.04.2015 10:48;[id203327633|Сергей], вот вы и ответили на свой вопрос так что воюют все люди ,за бредни политиков;0;;;Ж3;4
11977;74125;186614;203327633;186507;25106701;17.04.2015 10:48;[id146278500|Юрий], а окружение Навального,Кудрина,Касьянова?Почитайте что либероиды в твиттере и соцсетях пишут.Они уже сейчас убивать и вешать готовы,просто сил нет.А будет власть и сила,будут убивать и вешать.;0;;;м4;4
11978;74126;186617;287804305;186507;25106701;17.04.2015 10:51;Ничего ребята, скоро девятое мая, день победы. Накатите за дедов и наладится все, забудутся все проблемы.;1;;;Ц3;4
11979;74127;186620;203327633;186507;25106701;17.04.2015 10:51;[id146278500|Юрий], госдеп придё,порядок наведё) http://vk.com/video217524889_168209807;0;;;м4;4
11980;74128;186621;68201355;186507;25106701;17.04.2015 10:52;[id287804305|Мишка], только это и остается хоть они достойны уважения;0;; ;Ж3;4
11981;74129;186625;68201355;186507;25106701;17.04.2015 10:54;да нахрен мы Америке не нужны они и так у нас все скупили что могли мы работем на них,а с какого компьютера ты пишешь наверно с машинки- красная заря;0;;;Ч3, Ц3;4
11982;74130;186626;68201355;186507;25106701;17.04.2015 10:55;нас не победить в войне а им этого и не надо надо просто побольше истерии кругом что бы мы купились;0;;;И4;4
11983;74131;186627;4260767;186507;25106701;17.04.2015 10:55;[id203327633|Сергей], ну ну нас помимо корманной либеральной оппозиции есть еще комунистичиская и националистическая, о них правда не говорят, так что такого как на украине в принципе случиться не может;0;;;И3;4
11984;74132;186629;214025218;186507;25106701;17.04.2015 10:55;[id4260767|Андрей], с чего вдруг?<br>Я не аналитик ,обычный обыватель...ну не олень ,не более;0;;;Е1;4
11985;74133;186632;203327633;186507;25106701;17.04.2015 10:57;[id68201355|Игорь], мой ноутбук произведен в Китае.Там же производится подавляющее количество всей электроники.При чем тут США?;0;;;Ж3;4
11986;74134;186633;68201355;186507;25106701;17.04.2015 10:57;[id12136821|Татьяна], а может ему это просто не интересно,да же не аналитик мог бы рассадить по всей стране своих информаторов;0;;;И3;4
11987;74135;186634;68201355;186507;25106701;17.04.2015 10:58;[id203327633|Сергей], при том что все технологии у Китая ворованные;0;;;Щ3;4
11988;74136;186636;203327633;186507;25106701;17.04.2015 10:59;[id68201355|Игорь], если ворованное почему те у кого своровали не судятся с ворами?Может потому что сами у кого то украли?Или международные патенты на изобретение отменили?Я что то про это не слышал.;0;;;ч3;4
11989;74137;186637;68201355;186507;25106701;17.04.2015 10:59;они в отличии от нас не продавали свои ресурсы ,а сказали хотите стройте заводы у нас;0;;;Ж3;4
11990;74138;186640;203327633;186507;25106701;17.04.2015 11:01;[id68201355|Игорь], они практически монополисты по своим ресурсам.А у нас конкуренты Норвегия,ОАЭ,поэтому у нас не прокатит этот номер как у Китая.;0;;;И3;4
11991;74139;186642;68201355;186507;25106701;17.04.2015 11:02;[id203327633|Сергей], по редкоземельным металлам от которых зависит радиоэлектроника если вы не в курсе никто нам кроме Китая не конкурент;1;;;Ж3;4
11992;74140;186643;203327633;186507;25106701;17.04.2015 11:03;[id68201355|Игорь], перефразирую вас поточнее.Китаю никто не конкурент по редкоземельным металлам.;0;;;Ж3;4
11993;74141;186644;68201355;186507;25106701;17.04.2015 11:04;да;0;;;В3;4
11994;74142;186646;68201355;186507;25106701;17.04.2015 11:05;[id203327633|Сергей], всего вам хорошего ,удачи вам во всем и хорошего настроения;0;;;Д3;4
11995;74143;186647;68201355;186507;25106701;17.04.2015 11:07;впрочем как и всем в ветке;0;;;Д3;4
11996;74144;186648;118728225;186507;25106701;17.04.2015 11:08;[id68201355|Игорь], бля то что компы и техника американские, китайские и еще там какие то, это все хуйня, при необходимости, в случае чего мы это и сами можем производить, у нас разрабатывают и производят системы похлеще всяких компьютеров и бытовой техники, и причем лучшие в мире. Редкоземельные металлы уверен на наших необьятных просторах тоже есть, и добывать их тоже если че сможем.;0;;;ч4;4
11997;74145;186649;68201355;186507;25106701;17.04.2015 11:11;тока пока их не х не видно,я думаю кроме как в военке ты их и не увидишь,а что то поводу редкозема его и нас добывают только в отличии от китайцев продают;0;;;И4;4
11998;74146;186650;68201355;186507;25106701;17.04.2015 11:12;у нас все неважно потому что впереди горит призрачная звезда всеобщего счастья в,а нащ народ по прежнему верит в кисейные берега;1;;;Ц4;4
11999;74147;186651;118728225;186507;25106701;17.04.2015 11:15;[id68201355|Игорь], а зачем ? какая разница какой комп китайский, американский, российский. Да конечно это плохо для государства, весь доход за рубеж уходит, только они свой момент проепали в 90 х, весь рынок занят уже другими. Да импортное все, но это не значит что сами мы такую технику производить не можем, можем.;0;;;Ж3;4
12000;74148;186652;68201355;186507;25106701;17.04.2015 11:17;вот когда сделают что то кроме убого и дорого йотофона ,тогда я и поверю;0;;;Ж4;4
12001;74149;186653;30854000;186507;25106701;17.04.2015 11:18;3 миллиона вопросов Путину, лучший сигнал того, что в стране большие проблемы.;1;;;Ж4;2
12002;74150;186655;68201355;186507;25106701;17.04.2015 11:19;[id30854000|Дмитрий], конечно не спроста это они же все 5 колонна;1;;;И3;3
12003;74151;186657;69127065;186507;25106701;17.04.2015 11:21;[id30854000|Дмитрий], ну да- особенно содержание вопросов-  уровень , конечно, президента!!!;0;;;Ц4;2
12004;74152;186658;118728225;186507;25106701;17.04.2015 11:21;[id68201355|Игорь], человек всегда недоволен, ты в курсе что 2014 году уровень жизни был самым высоким за всю историю ? даже во времена СССР так не жили, а он все недоволен, все плохо;1;;;щ3;1
12005;74153;186659;30854000;186507;25106701;17.04.2015 11:22;[id68201355|Игорь], самое интересное, что все выступление было построено, по такому же принципу, когда он выступал после 16 декабря, говоря о том, что доллар по 80 рублей, это хорошо, больлше рублей поступит в бюджет. Я, конечно, понимаю, что народ за дебилов держат, но не настолько вот чтобы.;1;;;Ж4;3
12006;74154;186660;68201355;186507;25106701;17.04.2015 11:22;[id69127065|Инна], а если их никто не рашает;0;;;ц4;3
12007;74155;186661;69127065;186507;25106701;17.04.2015 11:22;[id68201355|Игорь], не передергивайте- во всех странах есть проблемы,для того они и проблемы, что бы решая их,двигаться вперед!!!;1;;;Ж3;3
12008;74156;186662;68201355;186507;25106701;17.04.2015 11:22;[id30854000|Дмитрий], все хуже чем вы думаете;0;;;Ж3;3
12009;74157;186663;118728225;186507;25106701;17.04.2015 11:23;[id68201355|Игорь], а ты откуда такой свидомый ?;0;;;Ш3;4
12010;74158;186664;69127065;186507;25106701;17.04.2015 11:23;Путин не дурак и эта прямая линия, скорее всего, мониторинг проблем и работы чиновников!;0;;;Х4, И4;2
12011;74159;186665;118728225;186507;25106701;17.04.2015 11:23;[id68201355|Игорь], кто рассказал что все так плохо ? и в чем ?;0;;;А3;2
12012;74160;186666;69127065;186507;25106701;17.04.2015 11:24;[id118728225|Артем], Игорь или провокатор, или нытик!!!;0;;;Н3;3
12013;74161;186667;30854000;186507;25106701;17.04.2015 11:24;[id69127065|Инна], да-да, во всех остальных странах действуют политические и общественные институты, в отличие от нашей страны, где оппозиция еще более отвратительная, чем партия власти. ну да, еп, вы хоть знаете как работает АП? Вы думаете Путин не знает, о том, что происходит в стране? Контроль чиновников, ну умора.;0;;;щ4;3
12014;74162;186668;68201355;186507;25106701;17.04.2015 11:25;конечно я провокатор у нас каждый честный человек провокатор;0;;;Е1, Ц3;4
12015;74163;186669;118728225;186507;25106701;17.04.2015 11:26;[id69127065|Инна], он просто верит в счастливый и богатый запад, которого нет;0;;;Ц3;1
12016;74164;186671;69127065;186507;25106701;17.04.2015 11:26;[id30854000|Дмитрий], знаю и согласна с вами- нет достойной оппозиции, а лишь свора, ненавидящих свой народ, отлученных от власти неудачников!!!;1;;;В3, Ж3;4
12017;74165;186672;118728225;186507;25106701;17.04.2015 11:26;[id30854000|Дмитрий], а нас эти институты не действуют ? не смеши;0;;;Ж3;4
12018;74166;186673;69127065;186507;25106701;17.04.2015 11:28;[id30854000|Дмитрий], но ведь во властных структурах начиная с поссовета сидят наши с вами братья, дяди и тд и тп- те мы с вами!!! Так, что , видимо не все в порядке с нами самими!!!;0;;;Ж3;4
12019;74167;186674;30854000;186507;25106701;17.04.2015 11:28;[id118728225|Артем], у нас есть нормальные правозащитные организации? У нас есть организации, занимающиеся построение гражданского общества? Вы даже близко не представляете, как работают выборы самого примитивного уровня, на уровне выборов депутатов сельских поселений.;0;;;Ж3;4
12020;74168;186675;4260767;186507;25106701;17.04.2015 11:29;[id69127065|Инна], Щас любую достойную опозицию глушат в зародыше, оставляют только игрушечную еврейско-либеральную, чтобы ее по телевизору показывать и народ пугать;1;;;И3;4
12021;74169;186677;118728225;186507;25106701;17.04.2015 11:30;[id68201355|Игорь], один из законов экономики, он всегда был, есть и будет пока будет держаться модель жизни и развития нашей цивилизации ( общество потребления ) это рост, за ним спад, потом опять рост, опять спад. Не бывает чистого роста, обязательно потом застой и спад, что сейчас мы и наблюдаем.;1;;;Ж4;4
12022;74170;186678;30854000;186507;25106701;17.04.2015 11:31;[id69127065|Инна], там не братья сидят, а советская номенклатурная сволочь там сидит. Особенно в высшем истеблишменте, все бывшие члены КПСС и комсомола. Такой, так скажем, облегченный вариант латиноамериканской автократии. Россияне одни словом, которые к русским имеют отношение косвенное.;3;;;Ж4;4
12023;74171;186680;118728225;186507;25106701;17.04.2015 11:31;[id30854000|Дмитрий], ну тебя и понесло ...;0;;;Ц3;4
12024;74172;186681;69127065;186507;25106701;17.04.2015 11:32;[id4260767|Андрей], не правда!!! Не соглашусь с Вами!! Столько , сколько у нас свободы в словоблудии, по моему нигде нет!!! На Западе за такую вольность в выражениях -штраф и уголовная ответственность!!!;0;;;Б3;4
12025;74173;186682;30854000;186507;25106701;17.04.2015 11:32;[id69127065|Инна], Вся свобода лишь до того уровня, пока ты не начинаешь представлять угрозу для действующей власти. Как например мэр Ярославля Урлашов и десятки других мэров, посаженных с начала нулевых.;1;;;т4;4
12026;74174;186686;118728225;186507;25106701;17.04.2015 11:33;[id30854000|Дмитрий], а зачем свергать власть если нет ей альтернативы ? ты хочешь чтобы у нас была вторая Украина ? ты считаешь российского обывателя таким же тупым быдлом что и укроп ?;0;;;ж3,с3;4
12027;74175;186688;69127065;186507;25106701;17.04.2015 11:34;По поводу сидящих в Администрациях- там действительно наши родственники, знакомые и тд. Так, что надо, наверное и себя начинать!!! А, то как дорвался до власти-так начинают о собственном кармане заботиться!!!;0;;;П4;4
12028;74176;186689;4260767;186507;25106701;17.04.2015 11:34;[id118728225|Артем], Путин сказал что украинцы и русские суть одно и тоже;2;;;Ж4;3
12029;74177;186691;118728225;186507;25106701;17.04.2015 11:35;[id30854000|Дмитрий], вот обьясни зачем мутить воду ? да проблем много, но страна идет по пути развития, зачем устраивать революцию и все разрушать, откидывая страну на 30 лет назад ?;0;;;А3;4
12030;74178;186694;12136821;186507;25106701;17.04.2015 11:36;[id68201355|Игорь], нойте дальше, нойте на работе, в интернете, в семье. Слабак! И стыдно что из Сегежи, хотя я знаю, что там не рай сейчас.;0;;;П3, Н3;4
12031;74179;186696;30854000;186507;25106701;17.04.2015 11:37;[id118728225|Артем], я не говорил ничего про свержение и я ничего не говорил, про  мутить воду , я не поддерживаю варварские методы смены власти. Разве большинство россиян отличается от украинцев? У нас и так она будет, когда Путин уйдет, если вы считаете жизнеспособным то государство, в котором 99% жителей на вопрос, кто если не Путин, невнятно мычит, то у него нет будущего. <br><br>Нет, нужно просто подождать пока уйдет советское поколение, может тогда будет шанс, волны демократизации приходят вместе со сменой поколения. Советская культура, советские люди должны уйти в прошлое вместе со своей страной, тогда у России и русских будет будущее.;1;;;Ф3, И3;4
12032;74180;186697;531538;186507;25106701;17.04.2015 11:38;[id203327633|Сергей], достойных никто не пустит, либо шлепнут, либо посадят. А нынешних оппозиционных клоунов для того и держат, чтоб показать, мол оппозиция - фуфло...;2;;;И3;4
12033;74181;186699;118728225;186507;25106701;17.04.2015 11:40;[id30854000|Дмитрий], Путин уйдет, это ясно дело, и надо дать уйти ему спокойно в этом согласен. А в остальном полностью нет. Если посадили, значит пиздел много, воду мутил, просто так не садят.;0;;;И3;4
12034;74182;186704;30854000;186507;25106701;17.04.2015 11:41;[id118728225|Артем], да-да еп, просто так не садят, вы еще скажите, что наши суды честные и не предвзятые. Просто он был против ер и выступал против нее. Чего делать в России нельзя.;0;;;Ч4;4
12035;74183;186705;118728225;186507;25106701;17.04.2015 11:41;[id531538|Андрюшка], не в этом дело, дело в том что власть портит людей, и какой бы хороший человек не был, через 2-3 года, ну 5 лет он превращается в коррупционера и транжиру.;0;;;П3 ;4
12036;74184;186708;531538;186507;25106701;17.04.2015 11:44;[id203327633|Сергей], мне кажется, вы слишком плохого мнения о гражданах своей страны. :) Что мол одни воры и продажные сволочи. Один Путин молодец. Умрет - страна, наверное, развалится. Поэтому срочно надо его клонировать, тогда победим);0;;;Ш3;4
12037;74185;186711;531538;186507;25106701;17.04.2015 11:47;[id203327633|Сергей],  Почитайте что либероиды в твиттере и соцсетях пишут.  - это вы про рабочих уралвагонзавода, которые готовы приехать мочить оппозицию? Или призывы в интернете от поклонников президента расстреливать  5 колонну  - тех, кто посмел критиковать(критиковать - это не орать  Путин гад , а указывать на недоработки) ныненшюю власть?;1;;;Р3;4
12038;74186;186716;531538;186507;25106701;17.04.2015 11:51;[id69127065|Инна], моих родственников нет и никогда не было во власти. По себе людей не судят.;0;;;Е1, П3;4
12039;74187;186720;531538;186507;25106701;17.04.2015 11:53;[id30854000|Дмитрий], про Урлашова в точку. Мэр, который ходил на оппозиционные митинги, при этом его выбрал народ - стал угрозой власти. И ему придумал статью...;1;;;В3, И3;4
12040;74188;186723;30854000;186507;25106701;17.04.2015 11:55;[id531538|Андрюшка], как и Ласточкин из Рыбинска, тоже из Ярославской области, который не позволил растащить стратегическое предприятие НПО-Сатурн, сидит, тащем-то за Ласточкина даже Проханов заступался, но все равно посадили.;0;;;Ж3;4
12041;74189;186725;531538;186507;25106701;17.04.2015 11:56;[id118728225|Артем],  а зачем свергать власть если нет ей альтернативы ? ты хочешь чтобы у нас была вторая Украина ?  - у вас мир какой-то черно-белый, либо Путин, либо как на Украине... Никто про свержение власти не говорит(кто говорит, тот тролль, лжец и девственник). Говорят про признание проблем на гос. уровне, про делегирование власти - уход от вертикали, когда без Путина ниче нельзя решить, про создание и финансирование адекватной оппозиции. Это в интересах самой власти. Конкуренция, как в экономике.;1;;;Ж3, К3;4
12042;74190;186726;118728225;186507;25106701;17.04.2015 11:56;[id30854000|Дмитрий], смысл моего высказывания и всего спора в том, что если ты сам не можешь ничего, и у власти нет альтернативы, то и верещать что в стране все плохо, и выступать простив власти нету никакого смысла, тем самым ты только расшатываешь обстановку, а это только вред. За него и садят. Критика должна быть конструктивной, с конкретными предложениями, а задача оппозиции не свергать власть, а помогать ей, дополняя ее в каких то вопросах.;0;;;К3, П3;4
12043;74191;186727;531538;186507;25106701;17.04.2015 11:57;[id118728225|Артем],  да проблем много, но страна идет по пути развития, зачем устраивать революцию и все разрушать, откидывая страну на 30 лет назад ?  - скажите мне, в программе какого оппозиционного лидера есть такой пункт? Я хоть буду знать, кого не надо поддерживать.;0;;;Ж3;4
12044;74192;186728;531538;186507;25106701;17.04.2015 11:59;[id118728225|Артем],   просто так не садят.  - поговорка такая есть еще со времен СССР: Был бы человек  хороший , а статья найдется. (с);0;;;Ж3;4
12045;74193;186729;64341451;186507;25106701;17.04.2015 12:00;Это нормально..;0;;;В3;4
12046;74194;186730;531538;186507;25106701;17.04.2015 12:01;[id118728225|Артем],  не в этом дело, дело в том что власть портит людей, и какой бы хороший человек не был, через 2-3 года, ну 5 лет он превращается в коррупционера и транжиру.  - я считаю, что не в том, хотя соглашусь, что таких много. Скорее тут играет роль стадное чувство(все вокруг воруют, и я буду) и боязнь за свою жизнь. Вспомним мэра Сергиева-Посада. Открыто пошел против бандюков и коррупционеров, убили... Один из немногих достойных примеров чиновников.;1;;;Е1, Ж3;4
12047;74195;186731;64341451;186507;25106701;17.04.2015 12:02;[id12136821|Татьяна], ничего нет зазорного в том, что обращающийся к президенту высказал недовольство. Для этого и существует такой формат.. Не может быть все пушисто;2;;;в4;1
12048;74196;186732;30854000;186507;25106701;17.04.2015 12:05;[id118728225|Артем], он и занимался этим, большинство горожан оценивают его работу положительно, как и его самого. Ну если для страны опасна даже критика мэра, то насколько все сгнило?;0;;;ф3,ч4;4
12049;74197;186733;12136821;186507;25106701;17.04.2015 12:05;[id64341451|Дмитрий], никто и не говорит о пушистости. Обманывать не надо или выворачивать информацию в свою сторону.;0;;;К3, П3;4
12050;74198;186735;118728225;186507;25106701;17.04.2015 12:07;[id531538|Андрюшка], все правильно говоришь, но я все таки считаю что  без Путина ничего нельзя решить  виноват не сам он, а наш менталитет, России нужен  Царь  который за собой поведет всех. Я все таки считаю что жизнь к лучшему меняется, никогда ничего не бывает сразу. Путин уйдет, вот он момент для таких преобразований, но не сейчас.;0;;;В3, И3;4
12051;74199;186737;118728225;186507;25106701;17.04.2015 12:09;[id30854000|Дмитрий], ты посмотри на общество, не только наше, а вообще в целом, в мире, оно не сгнило ? какое общество, такая и власть.;0;;;п4;4
12052;74200;186738;30854000;186507;25106701;17.04.2015 12:10;[id118728225|Артем], у меня друзья живут в Германии и Польше, не поверите, там нет такого смрада, как у нас.;0;;;п4;4
12053;74201;186740;531538;186507;25106701;17.04.2015 12:11;[id118728225|Артем],  России нужен  Царь  который за собой поведет всех.   - царь нужен рабам, это мое мнение. Извиняюсь, если кого оскорбил.;2;;;т4;4
12054;74202;186743;118728225;186507;25106701;17.04.2015 12:12;[id30854000|Дмитрий], фигня все это, там похлеще нашего прогнило все;0;;;И3;4
12055;74203;186746;531538;186507;25106701;17.04.2015 12:14;Меня всегда удивляли такие рассуждения:  Пох, что у нас, главное, что у соседей в 2 раза хуже ...;1;;;ц4;4
12056;74204;186757;64341451;186507;25106701;17.04.2015 12:29;[id12136821|Татьяна], не нахожу в этом никакой  своей стороны .  Путин лидер рейтингов как наших, так и зарубежных, рубль укрепляется и тд. Отседа и оптимизм .  Но не думаю,  что статья в которой упоминается недовольство фермера подрывает позиции России в мире. Есть намного более явные проблемы, котрые нам вредят.;0;;;Ж3;1
12057;74205;186770;12136821;186507;25106701;17.04.2015 12:50;[id64341451|Дмитрий], Вы оказывается о фермере говорите, а я об поубавившемся оптимизме Путина после выступления фермера.;1;;;К3;2
12058;74206;186774;193243180;186507;25106701;17.04.2015 12:52;[id64341451|Дмитрий], 2014. ПУТИН. В ЦИФРАХ И ФАКТАХ<br>УРОВЕНЬ ЖИЗНИ ГРАЖДАН<br><br>- В РФ не менее 4 миллионов бездомных, что составляет почти 3 % населения РФ. В случае, если подписанный Путиным закон об изъятии у должников квартир начнёт работать, число бездомных может увеличиться в 2-3 раза (Международный правозащитный альянс).<br><br>- Не менее 3,7 миллионов граждан безработные, 4,9% экономически-активного населения (Росстат).<br><br>- Число нищих в РФ достигло 16 млн человек, и составляет 11,1% от общего числа населения. К нищим относятся люди, пытающиеся выжить на 7,326 тыс. руб. (Росстат).<br><br>- РФ заняла 68-е место в рейтинге благополучия стран мира за 2014 год (Legatum Institute)<br><br>- Об ухудшении финансового положения говорят 49% россиян (Intelligent Research for Growth, ноябрь 2014)<br><br>- 63% россиян боятся увольнения (ВЦИОМ).<br><br>- В РЖД объявили об отмене 500 электричек в регионах (РЖД).<br><br>- Премьер-министр Медведев согласился увеличить в следующем году рост тарифов РЖД на 10%, а не на 7,5%, как у других монополий (РЖД).<br><br>— За годы правления Путина жилищно-коммунальные тарифы выросли в 20 раз, опережая в полтора раза рост доходов граждан и в четыре раза инфляцию (Доклад «Коммунильные тарифы. Путин и Газпром»).<br><br>- Граждане РФ задолжали 881 миллиард рублей по просроченным кредитам. Всего с начала 2014 года просроченная задолженность выросла более чем в полтора раза (Центробанк).<br><br>- 90% кредитов, взятых гражданами РФ уходит на погашение прежних долгов (Росстат)<br><br>- Долги потребителей услуг ЖКХ выросли по сравнению с прошлым годом и составляют 132 млрд рублей (премьер РФ Дмитрий Медведев).<br><br>- 40% общественного транспорта в аварийном состоянии (заместитель министра транспорта РФ Сергей Аристов)<br><br>- РФ заняла 65 место в списке лучших стран для пожилых людей, всего в рейтинге 96 государств (HelpAge International)<br><br>- Продукты дорожают в 40 раз быстрее, чем в Европе (Росстат, данные на апрель 2014).<br><br>- На покупки сделанные в зарубежных онлайн м;1;;;ч4;3
12059;74207;186776;235920235;186507;25106701;17.04.2015 12:56;[id193243180|?вгений], не утешительно, а главное похоже на правду.;0;;;В3;3
12060;74208;186777;30854000;186507;25106701;17.04.2015 12:58;[id118728225|Артем], что-то я, не припомню такой дикости, что в германии той же самой, закрывали в сельских местностях и маленьких городках, ротдомы, из-за чего роженицы вместо больницы, сразу на тот свет отправляются. Как было это например в Ярославской области, когда женщины не успевали дое ехать до города из области.;0;;;Ч3 ;3
12061;74209;186779;30854000;186507;25106701;17.04.2015 12:58;[id118728225|Артем], или чтобы в Швейцарии, полицейские бутылки засовывали в задний проход задержанным.;0;;;Ч3;3
12062;74210;186781;30854000;186507;25106701;17.04.2015 12:59;[id118728225|Артем], чтобы воровали миллиардами. Чтобы аборты, как мы миллионами делали.;0;;;Ч3;3
12063;74211;186790;12136821;186507;25106701;17.04.2015 13:25;[id30854000|Дмитрий], у них своих извращений до фига. А насчет воровства миллиардами - не смешите.;0;;;Б3;3
12064;74212;186795;30854000;186507;25106701;17.04.2015 13:35;[id12136821|Татьяна], глава фсин, губернатор архангельской области, укравшие миллиарды, конечно бред, не правда, ложь пятой колонны;0;;;ч4,ч3;3
12065;74213;186797;12136821;186507;25106701;17.04.2015 13:38;[id30854000|Дмитрий], не отрицаю, что воровство есть, но не надо отрицать воровство и миллиардное в так любимой Вами Хамерике и им подобных  друзьях  России.;0;;;К3, И3;4
12066;74214;186804;1563720;186507;25106701;17.04.2015 13:49;[id12136821|Татьяна], вам не плевать ли на то, что «у соседа корова сдохла»?;0;;;Ж3;3
12067;74215;186805;12136821;186507;25106701;17.04.2015 13:50;[id1563720|Евгений], плевать. Но и он пусть о моей корове не  заботится .;0;;;П3;4
12068;74216;186806;1563720;186507;25106701;17.04.2015 13:51;[id12136821|Татьяна], вы здесь разговариваете с теми, кого эта «корова» непосредственно касается.;0;;;Ч3;4
12069;74217;186807;12136821;186507;25106701;17.04.2015 13:52;[id1563720|Евгений], а с чего Вы взяли, что меня не касается.;0;;;А3;4
12070;74218;186809;1563720;186507;25106701;17.04.2015 13:53;[id12136821|Татьяна], и вас — тоже. Но пора уже смириться с тем, что у других людей может быть другое мнение (а не повальное «одобрямс»). И они могут его высказывать. А ответы типа «Пох, что у нас, главное, что у соседей в 2 раза хуже» — они глупые.;0;;;П3;4
12071;74219;186813;12136821;186507;25106701;17.04.2015 13:54;[id1563720|Евгений], и я про то же. Смиритесь с тем, что у меня другое мнение и не навязывайте мне своего.;0;;;Г3;4
12072;74220;186816;1563720;186507;25106701;17.04.2015 13:55;[id12136821|Татьяна], а кто вам навязывает? Вы вольны возражать или не возражать. Но ответы типа «Пох, что у нас, главное, что у соседей в 2 раза хуже» — они глупые. Запомните это.;0;;;П3;4
12073;74221;186818;12136821;186507;25106701;17.04.2015 13:56;[id1563720|Евгений], все, занудство не лечится. Спи спокойно, дорогой товарищ!;0;;;Г3;4
12074;74222;186822;1563720;186507;25106701;17.04.2015 13:58;[id12136821|Татьяна], дак у вас, как и у Путина, вся полемика строиться на том, что вы отвечаете не по существу, а съезжаете на других. <br>— Рубль падает!<br>— А вы знаете какой госдолг у США?<br><br>Что, это похоже на адекватность?;1;;;Ч3;3
12075;74223;186883;153526175;186507;25106701;17.04.2015 15:28;[id203327633|Сергей], да кто ж этим недоумкам власть-то даст http://vk.com/photo153526175_365797201;0;;;Н4;4
12076;74224;186885;153526175;186507;25106701;17.04.2015 15:31;[id30854000|Дмитрий], оппик, узбокойтесь и пожинайте лавры гуано http://vk.com/photo153526175_365777318;0;;;Н3;4
12077;74225;186889;30854000;186507;25106701;17.04.2015 15:37;[id153526175|Лана], вату не спрашивали.;0;;;л3;4
12078;74226;186899;118728225;186507;25106701;17.04.2015 15:56;[id30854000|Дмитрий], ты думаешь на западе не воруют ? брехня !!!;0;;;ч3;4
12079;74227;186900;118728225;186507;25106701;17.04.2015 15:56;[id30854000|Дмитрий], ты думаешь на западе аборты не делают ? брехня !!!;0;;;ч3;4
12080;74228;186901;118728225;186507;25106701;17.04.2015 15:57;[id531538|Андрюшка], у соседей сейчас как раз то самое, что произойдет, если станет по вашему;0;;;И3;4
12081;74229;186902;118728225;186507;25106701;17.04.2015 16:01;[id30854000|Дмитрий], в Германии просто нет сельских местностей в нашем понимании, ты сравни наши размеры страны и Германию, какая она по размерам ? в 30 в 40 раз меньше ? естественно там и инфраструктура и дороги, все развито, или у нас земля, где от одного населенного пункта до другого по 30-40 км, для Европы это дикость, там они на каждом шагу.;0;;;Ж3;4
12082;74230;186905;118728225;186507;25106701;17.04.2015 16:03;[id30854000|Дмитрий], мне может рассказать что в США творят с заключенными ? или как они с мирным населением в чужой стране обращаются ?;0;;;с3;4
12083;74231;186908;30854000;186507;25106701;17.04.2015 16:05;[id118728225|Артем], США отдельный разговор, меня интересует лишь старая Европа и мы, как ее неотъемлемимая часть до 1917 года.Тем не менее,  у нас,  как я говорил воруют миллиардами,  а на роддома в небольших городах денег видите ли нет.;0;;;ф3;4
12084;74232;186910;30854000;186507;25106701;17.04.2015 16:07;[id118728225|Артем], а как США обращаются с другим населением мне все равно,  любая страна должна относиться к другим странам, с точки зрения национальных интересов,  даже если в эти интересы входят ковровые бомбардиовки.;0;;;П3;4
12085;74233;186911;1271446;186507;25106701;17.04.2015 16:08;[id30854000|Дмитрий], роддома )))) рот-дом это ресторан ??;0;;;Ш3;4
12086;74234;186912;30854000;186507;25106701;17.04.2015 16:08;[id118728225|Артем], а у нас денег больше чем в Германии,  мы на сраную олимпиаду полтора триллиона вложили,  вместо того,  чтобы вложить эти деньги в наукоемкие отрасли например;0;;;Ч4;4
12087;74235;186913;118728225;186507;25106701;17.04.2015 16:08;[id30854000|Дмитрий], Россия никогда не была частью Европы. Есть Европа, есть Азия, а есть Россия, что то переходное между Азией и Европой, где сплетаются те или иные культурные обычаи и народы.;0;;;Б3, Ж3;4
12088;74236;186915;531538;186507;25106701;17.04.2015 16:09;[id118728225|Артем], по-вашему  - ты к кому на вы? Не помню, чтобы кто-то здесь озвучивал свою программу, и я в том числе.;0;;;Ц3;4
12089;74237;186916;30854000;186507;25106701;17.04.2015 16:09;[id1271446|Владимир], каюсь,  прошу прощения,  не заметил оплошности.;0;;;Ф3 ;4
12090;74238;186917;118728225;186507;25106701;17.04.2015 16:10;[id531538|Андрюшка], по вашему, это те кто недоволен нынешней властью и ноет, вот тут не так, здесь не эдак, там не сяк.;0;;;Ч3;4
12091;74239;186919;118728225;186507;25106701;17.04.2015 16:11;[id30854000|Дмитрий], и победили, повысив престиж нашей страны, и получив элитный город курорт на Черном море.;1;;;Х4 ;4
12092;74240;186920;118728225;186507;25106701;17.04.2015 16:12;[id30854000|Дмитрий], что такое полтора триллиона ? 0.0001 % бюджета ?;0;;;А3;4
12093;74241;186921;30854000;186507;25106701;17.04.2015 16:12;[id118728225|Артем], да-да, только русская архитектура европейская, даже сталинский ампир, русская литература имеет европейское происхождение,  русская аристократия была частью европейской,  наша религия,  европейская и пр, пр. Не надо этой евразийщины.;0;;;Б3, Ж3;4
12094;74242;186922;531538;186507;25106701;17.04.2015 16:12;[id118728225|Артем], у тебя тоже мир черно-белый? Либо одеть розовые очки, не замечать проблем, петь оды Путину, либо ныть и хотеть насильственного свержения власти? Даже Путин во вчерашнем интервью сказал(ты же смотрел, надеюсь?): критика нужна и важна!;0;;;Ж3;3
12095;74243;186923;118728225;186507;25106701;17.04.2015 16:13;[id30854000|Дмитрий], русская архитектура европейская ?? ваха ха ха;0;;;Ц3;4
12096;74244;186924;118728225;186507;25106701;17.04.2015 16:14;[id30854000|Дмитрий], Россия позиционирует себя как европейская страна, но проблема в том что европейцы ее никогда европейской не считали.;2;;;Ж3;4
12097;74245;186926;30854000;186507;25106701;17.04.2015 16:16;Артем, бюджеты Вологодской, Архангельской, Ярославской областей на год чуть превышают 100 млрд, вот и подумайте в масштабах страны,  много или мало. Такие расходы,  есть варварство,  в России десятки тысячи больных детей,  тысячи многодетных семей бедствующих,  16 млн за чертой бедности и тратить такие деньги на олимпиаду кощунство;0;;;Ч3;4
12098;74246;186928;30854000;186507;25106701;17.04.2015 16:17;[id118728225|Артем], кто вам такое сказал, кто сказал такую глупость?;0;;;Н3;4
12099;74247;186930;118728225;186507;25106701;17.04.2015 16:17;[id30854000|Дмитрий], сравни чистый бюджет РФ и потраченную сумму + вычти прибыль, которая была равна примерно половине от потраченного;0;;;Р3;4
12100;74248;186931;30854000;186507;25106701;17.04.2015 16:17;[id118728225|Артем], до революции,  у европейцев считалось честью служить в Императорский Армии;0;;;Ж3;4
12101;74249;186932;118728225;186507;25106701;17.04.2015 16:18;[id30854000|Дмитрий], да, дорого, но я не думаю что это такие уж огромные деньги в масштабах государства + современный красивый город получили, нашу гордость на побережье черного моря.;0;;;Б3;4
12102;74250;186933;30854000;186507;25106701;17.04.2015 16:24;[id118728225|Артем], а забытые ветераны Чечни, Афганистана? Многодетные семьи, умирающие деревни и моногорода,  которые нужно превращать в агломерации, деградация высокотехнологического производства,  разве это не важнее Олимпиады?;0;;;П3, А3;4
12103;74251;186934;30854000;186507;25106701;17.04.2015 16:35;[id118728225|Артем], ладно,  было приятно поговорить с кем-то, без навешивания ярлыков, всего вам доброго!;0;;;Г3;4
12104;74252;186968;256845323;186507;25106701;17.04.2015 18:06;Пенсию надо с 95лет сделать-для работяг, и со 105лет для бюрократов.;0;;;Ц3;4
12105;74253;186974;1271446;186507;25106701;17.04.2015 18:09;[id256845323|Сергей], зачем пенсия нужна , если есть рай ? )))));0;;;Ц3;4
12106;74254;186976;256845323;186507;25106701;17.04.2015 18:10;[id1271446|Владимир], Какой на хуй директор хочет на пенсию??? или работяга живет макс до 62года.;0;;;Ж3;4
12107;74255;190452;68201355;186507;25106701;26.04.2015 11:30;http://vk.com/video68201355_171097907;0;;; - ; - 
